"Group","woody_power","flowr_power"
"CL",0.299299299299299,0.0920920920920921
"CM",0.315315315315315,0.1001001001001
"CI",0.341341341341341,0.121121121121121
