"Group","woody_power","flowr_power"
"CL",0.753753753753754,0.108108108108108
"CM",0.822822822822823,0.139139139139139
"CI",0.825825825825826,0.381381381381381
