"Group","woody_power","flowr_power"
"CL",1,0.105105105105105
"CM",1,0.344344344344344
"CI",1,0.982982982982983
