"sample","power"
2,0.674674674674675
3,0.975975975975976
4,1
5,1
7,1
10,1
15,1
20,1
30,1
40,1
50,1
100,1
200,1
300,1
400,1
500,1
